16,James,Mart,15,#60 St Germain Street,Grace Mart,Stanley Mart,8888888888,11/23/2019,08/23/2018,James,jj
17,Tyler,Mandery,12,#60 St Germain Street,Lily Mandery,Mary Mandery,8888888888,11/23/2019,11/23/2018,Tyler,tt
18,Luke,Johns,63,#60 St Germain Street,Kylie Johns,Annie Johns,8888888888,11/23/2019,08/23/2014,Luke,ll
19,Connor,Karren,11,#60 St Germain Street,Brooke Karren,Karlly Karren,8888888888,11/23/2019,12/23/2018,Connor,cc
20,Kiran,Ramesh,47,#60 St Germain,Ramesh,Subhashini,1234567890,11/23/2019,12/23/2018,Kiran,kk
21,aayush,srivastava,12,address,fatha,motha,767899876,04/13/2020,04/02/2019,uName,Pass
22,shi,lakha,12,updategehe,father,mother,87678987,04/15/2020,04/02/2019,rohit,updatepass
23,Joshua,James,39,#60 St Germain Street,JF,JM,8888888888,04/16/2020,12/23/2016,Joshua,jj
24,AAron,King,57,#60 St Germain Street,baap,mother,8888888888,04/16/2020,06/23/2015,Aron,aa
25,Alexander,Dep,48,#60 St Germain Street,Mia Dep,Johnny Dep,8888888888,04/16/2020,03/23/2016,Alex,aa
26,Chris,Higgins,46,#60 St Germain Street,Elizabeth Higgins,Bobby Higgins,8888888888,04/16/2020,05/23/2016,Chris,cc
27,Jay,Hill,20,#60 St Germain Street,Addison Hill,Billy Hill,8888888888,04/16/2020,07/23/2018,Jay,jj
28,Ry,Jane,32,#60 St Germain Street,Alyssa Jane,Evie Jane,8888888888,04/16/2020,07/23/2017,Ryan,rr
29,John,Smith,31,#60 St Germain Street,Hannah Smith,Becky Smith,8888888888,04/16/2020,08/23/2017,John,jj
30,Logan,Christin,27,#60 St Germain Street,Alexis Christin,Jessie Christin,8888888888,04/16/2020,12/23/2017,Logan,ll
31,Eli,Chan,22,#60 St Germain Street,Alyssa Chan,Jackie Chan,8888888888,04/16/2020,05/23/2018,Elijah,ee
32,Jonh,Florance,26,#60 St Germain Street,Ashley Florance,Laurie Florance,8888888888,04/16/2020,01/23/2018,Jonathan,jj
33,Sami,Methew,21,#60 St Germain Street,Ella Methew,Cathey Methew,8888888888,04/16/2020,06/23/2018,Sam,ss
22,Adam,Sandler,12,shdjfhgjkd,Mother Teresa,Father Teresa,78656788,04/16/2020,04/03/2019,adam,adam
24,Student,lastStudent,12,addstud,momstudent,fatstudent,78689076,04/16/2020,04/03/2019,uStudent,upass
24,newStud,newLast,12,add,momnew,fatnew,786789877,04/16/2020,04/02/2019,uNewStud,uPass
25,deadCheck,deadLast,12,deadAdd,deadmom,deadFat,788765778,04/16/2020,04/02/2019,dead,dead
26,Test,testL,12,TestAdd,TestMot,TestFat,876987676,04/16/2020,04/02/2019,TestUname,TestPass
27,TestOne,TestLast,12,TestAdd,TestMoth,TestFat,87687689,04/16/2020,04/03/2019,TestUser,TestPass
40,Will,Jesus,20,#60 St Germain Street,Taylor Jesus,Ruthie Jesus,8888888888,11/23/2019,07/23/2018,Will,ww
