1,TeaOneName, TeasecondName,TRUE, #1 Hunt,8888888888,t1,t1
2,TeaTwoName, TeasecondName,TRUE, #1 Hunt,8888888888,t2,t2
3,TeathreeName, TeasecondName,TRUE, #1 Hunt,8888888888,t3,t3
4,TeafourName, TeasecondName,TRUE, #1 Hunt,8888888888,t4,t4
5,TeafiveName, TeasecondName,TRUE, #1 Hunt,8888888888,t5,t5
6,TeasixName, TeasecondName,TRUE, #1 Hunt,8888888888,t6,t6
7,TeasevenName, TeasecondName,TRUE, #1 Hunt,8888888888,t7,t7
8,TeaeightName, TeasecondName,TRUE, #1 Hunt,8888888888,t8,t8
9,TeanineName, TeasecondName,TRUE, #1 Hunt,8888888888,t9,t9
10,Dan,Peters,TRUE,#360 Huntington ave,987654321,t10,t10
11,TA,Jiahua,TRUE,#360 Huntington,9876543210,t11,t11
12,teachf,tachl,TRUE,Boston,1234567809,t12,t12
15,teachfirst,teachlst,TRUE,NEU,7894561230,tuname,tpass
